id,email,name,location,signup_date,subscription_tier,churn_status
1,"maria.nelson.1@example.com","Maria Nelson","Dubai, UAE","2023-05-30 10:14:11",free,active
2,"paul.brown.2@example.com","Paul Brown","Vancouver, BC","2025-02-06 15:59:15",starter,active
3,"betty.allen.3@example.com","Betty Allen","Montreal, QC","2024-12-26 13:39:13",enterprise,active
4,"sandra.jackson.4@example.com","Sandra Jackson","Indianapolis, IN","2025-03-26 01:52:43",professional,active
5,"edward.jackson.5@example.com","Edward Jackson","Tokyo, Japan","2024-01-25 01:44:00",professional,active
6,"mark.white.6@example.com","Mark White","San Antonio, TX","2025-11-05 15:10:59",professional,active
7,"lisa.johnson.7@example.com","Lisa Johnson","Dubai, UAE","2023-04-13 02:26:14",professional,churned
8,"daniel.johnson.8@example.com","Daniel Johnson","Miami, FL","2023-05-14 15:50:21",free,active
9,"michael.williams.9@example.com","Michael Williams","Indianapolis, IN","2025-01-19 21:18:49",professional,at_risk
10,"sarah.white.10@example.com","Sarah White","Dallas, TX","2023-10-26 04:16:08",starter,active
11,"william.wright.11@example.com","William Wright","New York, NY","2023-06-24 15:51:05",free,active
12,"kenneth.lewis.12@example.com","Kenneth Lewis","Miami, FL","2025-05-13 07:27:28",enterprise,churned
13,"susan.thomas.13@example.com","Susan Thomas","Dallas, TX","2025-11-21 11:49:18",free,active
14,"joseph.carter.14@example.com","Joseph Carter","Dallas, TX","2024-03-17 03:42:20",professional,active
15,"patricia.torres.15@example.com","Patricia Torres","Nashville, TN","2024-03-27 01:41:32",enterprise,at_risk
16,"laura.johnson.16@example.com","Laura Johnson","New York, NY","2023-05-27 01:26:24",enterprise,active
17,"joseph.walker.17@example.com","Joseph Walker","Singapore","2024-08-16 18:35:45",starter,active
18,"donald.green.18@example.com","Donald Green","Toronto, ON","2023-11-24 07:27:11",professional,active
19,"maria.martinez.19@example.com","Maria Martinez","Dubai, UAE","2023-04-17 07:31:59",free,active
20,"paul.davis.20@example.com","Paul Davis","New York, NY","2025-03-17 01:37:19",starter,active
21,"michelle.roberts.21@example.com","Michelle Roberts","Chicago, IL","2023-11-23 02:16:24",starter,active
22,"betty.davis.22@example.com","Betty Davis","Vancouver, BC","2025-10-09 03:56:39",professional,active
23,"michael.johnson.23@example.com","Michael Johnson","Austin, TX","2024-08-11 16:53:54",free,active
24,"jennifer.carter.24@example.com","Jennifer Carter","Phoenix, AZ","2024-10-23 10:46:36",professional,active
25,"lisa.harris.25@example.com","Lisa Harris","Montreal, QC","2023-08-26 02:44:46",enterprise,at_risk
26,"sarah.lopez.26@example.com","Sarah Lopez","Tokyo, Japan","2024-02-12 17:42:57",free,active
27,"jane.green.27@example.com","Jane Green","Denver, CO","2024-09-09 03:15:16",enterprise,active
28,"robert.jones.28@example.com","Robert Jones","Dallas, TX","2024-11-09 23:03:48",free,active
29,"laura.gonzalez.29@example.com","Laura Gonzalez","Dallas, TX","2024-07-09 23:05:22",professional,active
30,"george.allen.30@example.com","George Allen","Dallas, TX","2024-11-03 09:41:08",starter,active
31,"steven.young.31@example.com","Steven Young","Montreal, QC","2025-10-07 03:51:06",starter,active
32,"sarah.hernandez.32@example.com","Sarah Hernandez","Atlanta, GA","2024-01-06 04:42:59",enterprise,active
33,"kevin.green.33@example.com","Kevin Green","Tokyo, Japan","2024-06-28 04:42:20",professional,active
34,"sarah.jackson.34@example.com","Sarah Jackson","Indianapolis, IN","2024-11-18 07:15:36",enterprise,active
35,"sandra.davis.35@example.com","Sandra Davis","Chicago, IL","2023-03-27 11:05:47",free,active
36,"anthony.martin.36@example.com","Anthony Martin","Mumbai, India","2025-04-23 09:03:16",starter,at_risk
37,"ruth.moore.37@example.com","Ruth Moore","Sydney, Australia","2024-06-16 12:36:36",starter,churned
38,"jennifer.jones.38@example.com","Jennifer Jones","Portland, OR","2024-08-16 04:39:22",enterprise,active
39,"karen.rivera.39@example.com","Karen Rivera","Los Angeles, CA","2025-07-19 10:35:05",professional,active
40,"william.jones.40@example.com","William Jones","Seattle, WA","2023-10-21 19:10:33",enterprise,active
41,"joshua.williams.41@example.com","Joshua Williams","Phoenix, AZ","2024-08-19 02:18:54",free,active
42,"donald.torres.42@example.com","Donald Torres","Seattle, WA","2023-07-25 15:06:18",free,at_risk
43,"karen.lopez.43@example.com","Karen Lopez","Paris, France","2023-03-04 15:34:02",enterprise,churned
44,"barbara.adams.44@example.com","Barbara Adams","Paris, France","2025-01-22 02:58:03",enterprise,at_risk
45,"laura.scott.45@example.com","Laura Scott","San Francisco, CA","2024-02-22 12:15:50",starter,active
46,"michelle.flores.46@example.com","Michelle Flores","Toronto, ON","2023-11-06 11:26:00",professional,active
47,"patricia.young.47@example.com","Patricia Young","Singapore","2024-06-05 21:59:05",enterprise,at_risk
48,"lisa.hernandez.48@example.com","Lisa Hernandez","Columbus, OH","2023-12-01 14:11:40",professional,active
49,"sarah.williams.49@example.com","Sarah Williams","New York, NY","2024-06-30 12:08:22",starter,active
50,"donald.brown.50@example.com","Donald Brown","Phoenix, AZ","2024-08-30 01:48:01",starter,active
51,"betty.wilson.51@example.com","Betty Wilson","Minneapolis, MN","2024-02-21 23:40:47",starter,active
52,"edward.allen.52@example.com","Edward Allen","Vancouver, BC","2025-04-15 19:35:10",professional,churned
53,"ronald.harris.53@example.com","Ronald Harris","Indianapolis, IN","2024-11-24 03:15:15",starter,active
54,"michael.martinez.54@example.com","Michael Martinez","Portland, OR","2024-10-08 18:15:04",enterprise,active
55,"kenneth.moore.55@example.com","Kenneth Moore","London, UK","2025-06-02 05:53:39",professional,active
56,"lisa.lewis.56@example.com","Lisa Lewis","Phoenix, AZ","2023-05-26 22:33:42",free,active
57,"helen.gonzalez.57@example.com","Helen Gonzalez","Minneapolis, MN","2023-07-14 06:36:33",enterprise,active
58,"george.moore.58@example.com","George Moore","Boston, MA","2023-08-04 19:41:57",professional,active
59,"donna.hill.59@example.com","Donna Hill","Miami, FL","2024-01-27 21:49:18",professional,at_risk
60,"william.johnson.60@example.com","William Johnson","Dallas, TX","2025-08-24 05:29:12",free,active
61,"elizabeth.martinez.61@example.com","Elizabeth Martinez","Seattle, WA","2023-03-03 23:07:58",free,at_risk
62,"linda.brown.62@example.com","Linda Brown","Montreal, QC","2023-03-26 22:15:41",professional,active
63,"steven.king.63@example.com","Steven King","Philadelphia, PA","2024-09-15 18:24:28",professional,active
64,"joseph.walker.64@example.com","Joseph Walker","Toronto, ON","2023-02-17 18:02:35",enterprise,active
65,"joseph.young.65@example.com","Joseph Young","Jacksonville, FL","2023-01-19 16:11:46",starter,active
66,"donna.brown.66@example.com","Donna Brown","Austin, TX","2023-07-07 01:19:44",professional,active
67,"brian.roberts.67@example.com","Brian Roberts","Seattle, WA","2024-01-15 23:05:36",starter,active
68,"george.moore.68@example.com","George Moore","Toronto, ON","2025-09-09 04:23:05",starter,active
69,"betty.baker.69@example.com","Betty Baker","Vancouver, BC","2025-11-18 00:18:25",professional,active
70,"linda.allen.70@example.com","Linda Allen","Phoenix, AZ","2024-11-13 00:43:01",starter,active
71,"laura.jones.71@example.com","Laura Jones","Houston, TX","2025-08-04 06:06:06",professional,churned
72,"joseph.davis.72@example.com","Joseph Davis","Philadelphia, PA","2024-01-29 11:52:25",starter,churned
73,"joseph.johnson.73@example.com","Joseph Johnson","Jacksonville, FL","2024-06-24 20:28:01",free,at_risk
74,"anthony.green.74@example.com","Anthony Green","New York, NY","2024-07-07 07:50:39",free,active
75,"patricia.johnson.75@example.com","Patricia Johnson","Houston, TX","2023-02-16 06:21:13",enterprise,active
76,"william.garcia.76@example.com","William Garcia","Indianapolis, IN","2023-11-15 08:05:09",enterprise,churned
77,"maria.roberts.77@example.com","Maria Roberts","Denver, CO","2024-07-29 14:39:36",enterprise,active
78,"susan.flores.78@example.com","Susan Flores","Portland, OR","2023-03-22 03:20:24",enterprise,active
79,"daniel.nelson.79@example.com","Daniel Nelson","Houston, TX","2025-08-02 20:37:30",free,churned
80,"barbara.wright.80@example.com","Barbara Wright","New York, NY","2023-07-16 11:43:57",enterprise,at_risk
81,"sarah.young.81@example.com","Sarah Young","Tokyo, Japan","2025-05-25 16:57:20",starter,active
82,"sarah.davis.82@example.com","Sarah Davis","Austin, TX","2025-02-27 11:56:12",enterprise,at_risk
83,"andrew.hernandez.83@example.com","Andrew Hernandez","Indianapolis, IN","2025-09-21 12:03:06",free,active
84,"carol.walker.84@example.com","Carol Walker","London, UK","2025-05-04 05:52:49",free,active
85,"david.garcia.85@example.com","David Garcia","Sydney, Australia","2023-12-26 15:52:01",free,active
86,"elizabeth.thompson.86@example.com","Elizabeth Thompson","Houston, TX","2024-06-25 09:54:01",starter,active
87,"michael.scott.87@example.com","Michael Scott","London, UK","2025-05-12 13:18:01",enterprise,active
88,"paul.lee.88@example.com","Paul Lee","Houston, TX","2023-10-28 10:48:17",free,active
89,"charles.flores.89@example.com","Charles Flores","San Diego, CA","2023-10-22 13:38:54",enterprise,at_risk
90,"amy.martinez.90@example.com","Amy Martinez","London, UK","2023-06-19 04:44:15",free,active
91,"donna.lewis.91@example.com","Donna Lewis","Chicago, IL","2025-10-30 16:32:59",professional,active
92,"william.hernandez.92@example.com","William Hernandez","San Diego, CA","2025-04-30 20:18:58",starter,churned
93,"amy.hill.93@example.com","Amy Hill","Miami, FL","2023-11-07 22:34:59",professional,active
94,"steven.jones.94@example.com","Steven Jones","Los Angeles, CA","2023-05-31 13:17:40",free,churned
95,"nancy.garcia.95@example.com","Nancy Garcia","London, UK","2024-05-21 22:47:43",professional,active
96,"susan.davis.96@example.com","Susan Davis","Detroit, MI","2025-05-04 04:51:09",starter,at_risk
97,"sharon.gonzalez.97@example.com","Sharon Gonzalez","Berlin, Germany","2024-10-08 19:53:13",professional,active
98,"jessica.martin.98@example.com","Jessica Martin","New York, NY","2025-10-01 20:45:42",starter,active
99,"steven.wright.99@example.com","Steven Wright","Detroit, MI","2023-12-31 02:15:06",professional,active
100,"elizabeth.anderson.100@example.com","Elizabeth Anderson","Portland, OR","2024-01-31 11:49:07",free,active
101,"susan.nguyen.101@example.com","Susan Nguyen","Jacksonville, FL","2023-10-17 21:00:03",free,active
102,"thomas.nelson.102@example.com","Thomas Nelson","San Francisco, CA","2024-07-19 23:54:53",professional,active
103,"donald.rodriguez.103@example.com","Donald Rodriguez","Miami, FL","2025-11-13 22:22:11",enterprise,active
104,"sandra.nguyen.104@example.com","Sandra Nguyen","Dubai, UAE","2025-01-27 15:53:37",starter,active
105,"ruth.taylor.105@example.com","Ruth Taylor","San Antonio, TX","2024-08-26 00:10:21",starter,at_risk
106,"barbara.garcia.106@example.com","Barbara Garcia","Jacksonville, FL","2023-01-14 23:33:13",enterprise,at_risk
107,"ruth.hill.107@example.com","Ruth Hill","Los Angeles, CA","2023-04-11 08:28:04",professional,active
108,"patricia.thompson.108@example.com","Patricia Thompson","Nashville, TN","2023-04-10 20:43:51",enterprise,churned
109,"brian.taylor.109@example.com","Brian Taylor","Boston, MA","2025-02-09 16:20:34",starter,churned
110,"jennifer.mitchell.110@example.com","Jennifer Mitchell","Berlin, Germany","2025-06-11 16:41:01",enterprise,active
111,"sharon.smith.111@example.com","Sharon Smith","Seattle, WA","2023-02-05 16:26:46",enterprise,at_risk
112,"kevin.robinson.112@example.com","Kevin Robinson","Portland, OR","2023-02-11 04:58:35",free,churned
113,"robert.wright.113@example.com","Robert Wright","Mumbai, India","2024-10-26 10:43:13",professional,active
114,"james.roberts.114@example.com","James Roberts","Singapore","2023-01-18 01:25:05",free,churned
115,"nancy.jones.115@example.com","Nancy Jones","Chicago, IL","2024-07-24 16:07:18",enterprise,active
116,"helen.carter.116@example.com","Helen Carter","Tokyo, Japan","2024-02-07 01:24:07",free,active
117,"david.lewis.117@example.com","David Lewis","Austin, TX","2024-02-18 23:58:32",enterprise,active
118,"carol.flores.118@example.com","Carol Flores","Phoenix, AZ","2023-09-22 16:58:57",professional,churned
119,"david.taylor.119@example.com","David Taylor","Tokyo, Japan","2025-01-03 05:26:01",enterprise,active
120,"james.baker.120@example.com","James Baker","Atlanta, GA","2023-04-04 22:29:34",enterprise,active
121,"jane.wright.121@example.com","Jane Wright","Chicago, IL","2023-06-07 00:58:20",professional,at_risk
122,"robert.scott.122@example.com","Robert Scott","Detroit, MI","2023-01-16 06:46:31",professional,active
123,"steven.mitchell.123@example.com","Steven Mitchell","San Jose, CA","2024-12-17 16:58:29",free,churned
124,"mark.hill.124@example.com","Mark Hill","San Antonio, TX","2024-06-18 12:26:43",free,at_risk
125,"sharon.green.125@example.com","Sharon Green","Phoenix, AZ","2024-10-09 15:49:29",free,active
126,"joseph.carter.126@example.com","Joseph Carter","Seattle, WA","2025-09-23 08:15:01",free,active
127,"andrew.king.127@example.com","Andrew King","Singapore","2023-12-05 21:16:38",professional,active
128,"james.brown.128@example.com","James Brown","Tokyo, Japan","2023-02-11 22:20:39",enterprise,active
129,"jessica.martin.129@example.com","Jessica Martin","Minneapolis, MN","2025-09-20 19:28:38",starter,active
130,"daniel.lewis.130@example.com","Daniel Lewis","Berlin, Germany","2024-05-29 14:57:46",enterprise,active
131,"david.nguyen.131@example.com","David Nguyen","Austin, TX","2025-08-01 23:53:24",free,active
132,"sarah.wilson.132@example.com","Sarah Wilson","San Francisco, CA","2023-04-13 12:10:33",enterprise,at_risk
133,"kevin.roberts.133@example.com","Kevin Roberts","Indianapolis, IN","2023-11-26 22:45:45",free,churned
134,"robert.walker.134@example.com","Robert Walker","Dallas, TX","2024-11-11 12:29:17",starter,at_risk
135,"sharon.roberts.135@example.com","Sharon Roberts","San Francisco, CA","2023-11-07 04:24:48",starter,churned
136,"elizabeth.young.136@example.com","Elizabeth Young","Dubai, UAE","2024-06-24 15:15:14",professional,active
137,"paul.hall.137@example.com","Paul Hall","Portland, OR","2025-02-26 03:39:47",starter,active
138,"andrew.green.138@example.com","Andrew Green","Tokyo, Japan","2023-02-10 16:15:20",starter,active
139,"john.lee.139@example.com","John Lee","Portland, OR","2023-09-01 03:39:27",starter,churned
140,"matthew.jones.140@example.com","Matthew Jones","Mumbai, India","2024-01-04 06:03:03",starter,churned
141,"anthony.smith.141@example.com","Anthony Smith","San Antonio, TX","2023-03-27 09:18:50",free,active
142,"karen.young.142@example.com","Karen Young","Singapore","2023-03-14 19:35:01",starter,active
143,"andrew.wilson.143@example.com","Andrew Wilson","Dubai, UAE","2023-12-11 18:00:18",professional,active
144,"barbara.carter.144@example.com","Barbara Carter","San Diego, CA","2025-05-01 09:00:38",professional,churned
145,"richard.smith.145@example.com","Richard Smith","Seattle, WA","2023-11-17 13:38:22",enterprise,active
146,"david.young.146@example.com","David Young","Boston, MA","2025-04-13 15:03:44",professional,at_risk
147,"jennifer.hill.147@example.com","Jennifer Hill","Philadelphia, PA","2025-07-06 09:50:41",professional,churned
148,"lisa.carter.148@example.com","Lisa Carter","Detroit, MI","2023-11-09 01:31:18",free,active
149,"ruth.walker.149@example.com","Ruth Walker","San Francisco, CA","2024-01-07 12:16:44",enterprise,active
150,"jane.taylor.150@example.com","Jane Taylor","Toronto, ON","2025-09-15 02:15:55",enterprise,churned
151,"sharon.jones.151@example.com","Sharon Jones","Miami, FL","2024-12-13 04:37:04",professional,active
152,"anthony.nguyen.152@example.com","Anthony Nguyen","London, UK","2023-11-11 08:21:31",enterprise,active
153,"brian.thompson.153@example.com","Brian Thompson","Seattle, WA","2023-12-10 19:24:46",enterprise,active
154,"nancy.rodriguez.154@example.com","Nancy Rodriguez","Dallas, TX","2023-03-31 00:09:21",free,active
155,"david.smith.155@example.com","David Smith","Tokyo, Japan","2025-11-25 02:01:44",professional,active
156,"sandra.hernandez.156@example.com","Sandra Hernandez","Houston, TX","2025-07-16 02:31:50",enterprise,at_risk
157,"william.williams.157@example.com","William Williams","New York, NY","2025-05-02 16:27:39",starter,active
158,"kevin.miller.158@example.com","Kevin Miller","San Antonio, TX","2023-11-06 00:53:17",enterprise,active
159,"helen.carter.159@example.com","Helen Carter","Minneapolis, MN","2024-06-02 13:58:05",enterprise,active
160,"joseph.king.160@example.com","Joseph King","Vancouver, BC","2024-03-06 02:28:13",starter,at_risk
161,"joshua.davis.161@example.com","Joshua Davis","Phoenix, AZ","2024-10-08 10:45:59",starter,active
162,"kenneth.miller.162@example.com","Kenneth Miller","San Diego, CA","2023-07-07 10:14:37",free,at_risk
163,"steven.lee.163@example.com","Steven Lee","Seattle, WA","2024-10-06 09:39:28",starter,active
164,"linda.rodriguez.164@example.com","Linda Rodriguez","Columbus, OH","2024-12-19 20:37:13",professional,active
165,"james.garcia.165@example.com","James Garcia","Vancouver, BC","2025-03-12 22:27:11",starter,active
166,"mark.lewis.166@example.com","Mark Lewis","San Antonio, TX","2025-09-15 23:04:57",enterprise,active
167,"joseph.roberts.167@example.com","Joseph Roberts","Atlanta, GA","2024-04-18 01:34:24",free,active
168,"sharon.adams.168@example.com","Sharon Adams","Minneapolis, MN","2024-12-14 15:27:22",free,active
169,"mark.green.169@example.com","Mark Green","Nashville, TN","2025-07-14 05:22:44",enterprise,churned
170,"matthew.rivera.170@example.com","Matthew Rivera","Jacksonville, FL","2023-04-22 16:12:03",starter,active
171,"richard.green.171@example.com","Richard Green","Denver, CO","2024-04-18 10:47:00",enterprise,active
172,"richard.smith.172@example.com","Richard Smith","New York, NY","2025-08-25 16:48:08",professional,at_risk
173,"jane.johnson.173@example.com","Jane Johnson","Vancouver, BC","2023-12-27 00:52:40",free,active
174,"david.thomas.174@example.com","David Thomas","Portland, OR","2023-08-18 19:11:15",enterprise,active
175,"ronald.miller.175@example.com","Ronald Miller","Philadelphia, PA","2023-10-09 08:34:27",enterprise,active
176,"paul.jones.176@example.com","Paul Jones","Seattle, WA","2024-04-03 14:14:27",enterprise,churned
177,"kevin.smith.177@example.com","Kevin Smith","Boston, MA","2023-12-06 10:30:45",enterprise,active
178,"lisa.carter.178@example.com","Lisa Carter","London, UK","2025-09-19 17:26:45",enterprise,active
179,"anthony.miller.179@example.com","Anthony Miller","Vancouver, BC","2024-12-28 00:24:43",enterprise,active
180,"jessica.campbell.180@example.com","Jessica Campbell","Montreal, QC","2024-10-01 03:28:45",free,active
181,"kenneth.baker.181@example.com","Kenneth Baker","Denver, CO","2023-10-07 06:34:19",professional,active
182,"michelle.adams.182@example.com","Michelle Adams","Boston, MA","2024-09-05 10:20:56",starter,active
183,"karen.roberts.183@example.com","Karen Roberts","San Antonio, TX","2023-05-15 14:14:50",enterprise,active
184,"carol.hall.184@example.com","Carol Hall","Portland, OR","2025-07-07 17:54:02",professional,active
185,"karen.flores.185@example.com","Karen Flores","Singapore","2025-09-08 06:08:49",free,active
186,"edward.nelson.186@example.com","Edward Nelson","Vancouver, BC","2024-03-04 05:20:46",starter,churned
187,"sandra.clark.187@example.com","Sandra Clark","Singapore","2025-05-02 15:29:30",free,active
188,"susan.miller.188@example.com","Susan Miller","Columbus, OH","2025-05-11 15:24:47",enterprise,active
189,"joseph.white.189@example.com","Joseph White","London, UK","2024-08-09 17:11:46",enterprise,churned
190,"thomas.williams.190@example.com","Thomas Williams","Vancouver, BC","2024-09-03 19:08:48",starter,at_risk
191,"edward.lopez.191@example.com","Edward Lopez","Boston, MA","2023-06-03 17:46:41",starter,active
192,"richard.rodriguez.192@example.com","Richard Rodriguez","San Diego, CA","2025-03-01 04:37:54",enterprise,active
193,"michelle.jackson.193@example.com","Michelle Jackson","Columbus, OH","2024-02-27 14:29:47",enterprise,at_risk
194,"paul.garcia.194@example.com","Paul Garcia","Austin, TX","2023-09-18 15:25:51",professional,active
195,"michael.smith.195@example.com","Michael Smith","Houston, TX","2024-07-28 03:15:31",professional,active
196,"betty.baker.196@example.com","Betty Baker","Toronto, ON","2023-03-08 12:02:51",free,at_risk
197,"robert.williams.197@example.com","Robert Williams","Seattle, WA","2025-06-24 10:09:54",professional,active
198,"paul.scott.198@example.com","Paul Scott","Sydney, Australia","2023-08-01 14:46:23",professional,churned
199,"jennifer.williams.199@example.com","Jennifer Williams","Seattle, WA","2023-04-02 07:40:02",professional,active
200,"sharon.clark.200@example.com","Sharon Clark","Nashville, TN","2023-09-05 17:08:46",enterprise,churned
201,"anthony.carter.201@example.com","Anthony Carter","Nashville, TN","2024-05-02 13:38:46",starter,active
202,"karen.hall.202@example.com","Karen Hall","Jacksonville, FL","2024-04-20 06:48:56",free,active
203,"karen.nelson.203@example.com","Karen Nelson","Nashville, TN","2025-08-17 23:12:11",enterprise,churned
204,"david.williams.204@example.com","David Williams","New York, NY","2025-08-02 01:51:51",free,churned
205,"shirley.thomas.205@example.com","Shirley Thomas","Jacksonville, FL","2025-05-05 11:29:52",free,active
206,"helen.baker.206@example.com","Helen Baker","San Antonio, TX","2024-08-14 19:38:46",free,active
207,"betty.baker.207@example.com","Betty Baker","Minneapolis, MN","2025-06-24 15:13:22",starter,at_risk
208,"sarah.green.208@example.com","Sarah Green","Sydney, Australia","2024-07-23 06:32:06",free,churned
209,"michael.moore.209@example.com","Michael Moore","London, UK","2023-01-15 23:55:28",free,active
210,"carol.taylor.210@example.com","Carol Taylor","Miami, FL","2024-01-20 07:58:56",enterprise,churned
211,"michael.hall.211@example.com","Michael Hall","New York, NY","2025-07-04 07:09:51",free,active
212,"joshua.carter.212@example.com","Joshua Carter","Philadelphia, PA","2024-05-30 15:18:25",enterprise,active
213,"james.jackson.213@example.com","James Jackson","Miami, FL","2023-02-21 08:00:15",enterprise,churned
214,"andrew.rivera.214@example.com","Andrew Rivera","Boston, MA","2024-06-13 18:50:37",professional,active
215,"charles.adams.215@example.com","Charles Adams","Phoenix, AZ","2023-05-05 05:41:10",enterprise,active
216,"laura.carter.216@example.com","Laura Carter","Paris, France","2023-10-06 03:39:02",enterprise,active
217,"elizabeth.scott.217@example.com","Elizabeth Scott","Jacksonville, FL","2025-10-08 11:55:32",free,active
218,"ruth.thompson.218@example.com","Ruth Thompson","Vancouver, BC","2024-11-18 16:00:15",starter,at_risk
219,"emily.hernandez.219@example.com","Emily Hernandez","Sydney, Australia","2025-04-27 19:10:04",professional,churned
220,"charles.gonzalez.220@example.com","Charles Gonzalez","Atlanta, GA","2023-05-10 05:24:28",starter,active
221,"robert.nguyen.221@example.com","Robert Nguyen","Columbus, OH","2025-03-01 14:32:45",enterprise,at_risk
222,"edward.wright.222@example.com","Edward Wright","Singapore","2025-08-22 04:15:02",free,active
223,"jennifer.smith.223@example.com","Jennifer Smith","Columbus, OH","2023-11-26 14:14:27",professional,churned
224,"michael.rodriguez.224@example.com","Michael Rodriguez","Vancouver, BC","2024-11-04 17:12:24",professional,active
225,"brian.robinson.225@example.com","Brian Robinson","Boston, MA","2024-02-18 05:32:26",free,active
226,"lisa.green.226@example.com","Lisa Green","Seattle, WA","2024-06-22 08:53:35",starter,active
227,"george.hall.227@example.com","George Hall","San Antonio, TX","2024-03-31 02:18:49",enterprise,at_risk
228,"john.gonzalez.228@example.com","John Gonzalez","Austin, TX","2024-09-12 04:42:02",starter,churned
229,"sandra.moore.229@example.com","Sandra Moore","Philadelphia, PA","2023-02-21 03:53:30",free,active
230,"mark.green.230@example.com","Mark Green","Detroit, MI","2024-07-23 03:23:50",professional,active
231,"paul.taylor.231@example.com","Paul Taylor","Chicago, IL","2023-11-09 05:30:57",enterprise,active
232,"anthony.lopez.232@example.com","Anthony Lopez","San Antonio, TX","2024-10-09 07:15:58",free,at_risk
233,"matthew.rivera.233@example.com","Matthew Rivera","Columbus, OH","2023-09-03 10:09:20",professional,active
234,"edward.garcia.234@example.com","Edward Garcia","Miami, FL","2023-09-10 15:38:10",starter,at_risk
235,"jennifer.king.235@example.com","Jennifer King","Nashville, TN","2025-04-06 20:15:53",starter,active
236,"ruth.lopez.236@example.com","Ruth Lopez","Sydney, Australia","2023-10-19 01:02:42",free,churned
237,"robert.lee.237@example.com","Robert Lee","Houston, TX","2025-02-05 02:38:55",enterprise,active
238,"donald.flores.238@example.com","Donald Flores","Dubai, UAE","2023-07-01 02:10:27",starter,at_risk
239,"ronald.roberts.239@example.com","Ronald Roberts","Mumbai, India","2024-12-24 16:22:08",free,active
240,"patricia.anderson.240@example.com","Patricia Anderson","Portland, OR","2024-07-25 18:05:36",free,active
241,"john.scott.241@example.com","John Scott","San Antonio, TX","2025-05-08 20:19:15",enterprise,active
242,"jennifer.anderson.242@example.com","Jennifer Anderson","San Antonio, TX","2023-05-01 02:14:24",professional,at_risk
243,"ruth.davis.243@example.com","Ruth Davis","San Francisco, CA","2025-04-22 12:33:30",enterprise,active
244,"richard.rivera.244@example.com","Richard Rivera","Indianapolis, IN","2024-06-10 21:08:57",professional,at_risk
245,"william.robinson.245@example.com","William Robinson","Montreal, QC","2024-11-17 18:11:44",free,churned
246,"shirley.roberts.246@example.com","Shirley Roberts","Minneapolis, MN","2023-07-06 05:03:14",enterprise,at_risk
247,"david.johnson.247@example.com","David Johnson","Dallas, TX","2024-05-05 17:38:19",professional,active
248,"michelle.green.248@example.com","Michelle Green","Paris, France","2025-10-14 05:06:02",starter,churned
249,"joshua.harris.249@example.com","Joshua Harris","Portland, OR","2023-12-01 04:33:50",professional,churned
250,"betty.allen.250@example.com","Betty Allen","San Diego, CA","2025-01-29 05:05:19",free,churned
251,"steven.anderson.251@example.com","Steven Anderson","Vancouver, BC","2024-10-16 02:32:19",professional,at_risk
252,"james.allen.252@example.com","James Allen","Seattle, WA","2024-07-25 02:14:14",enterprise,churned
253,"laura.king.253@example.com","Laura King","Dallas, TX","2023-08-03 06:22:21",enterprise,active
254,"mark.taylor.254@example.com","Mark Taylor","Detroit, MI","2024-01-03 17:50:07",professional,active
255,"lisa.robinson.255@example.com","Lisa Robinson","Montreal, QC","2024-10-16 19:50:58",starter,active
256,"donald.young.256@example.com","Donald Young","San Antonio, TX","2023-05-26 14:28:30",starter,at_risk
257,"david.wright.257@example.com","David Wright","San Antonio, TX","2025-09-09 11:55:49",enterprise,active
258,"matthew.young.258@example.com","Matthew Young","Atlanta, GA","2023-04-19 15:44:41",free,at_risk
259,"sandra.anderson.259@example.com","Sandra Anderson","Columbus, OH","2023-06-30 10:09:33",professional,active
260,"richard.king.260@example.com","Richard King","Houston, TX","2024-04-20 22:17:18",free,active
261,"joshua.williams.261@example.com","Joshua Williams","Jacksonville, FL","2025-01-03 00:06:14",starter,churned
262,"joshua.hill.262@example.com","Joshua Hill","San Diego, CA","2023-05-03 20:21:51",free,active
263,"brian.flores.263@example.com","Brian Flores","Nashville, TN","2023-01-07 02:25:48",enterprise,active
264,"jessica.clark.264@example.com","Jessica Clark","Toronto, ON","2023-11-15 17:11:17",professional,active
265,"susan.allen.265@example.com","Susan Allen","Dallas, TX","2025-05-23 11:01:45",professional,at_risk
266,"helen.walker.266@example.com","Helen Walker","Austin, TX","2025-11-21 06:56:10",free,active
267,"carol.campbell.267@example.com","Carol Campbell","Denver, CO","2025-07-06 16:37:28",professional,active
268,"helen.young.268@example.com","Helen Young","Berlin, Germany","2024-02-22 05:10:31",free,active
269,"kevin.campbell.269@example.com","Kevin Campbell","Dallas, TX","2025-04-13 12:40:05",enterprise,active
270,"helen.brown.270@example.com","Helen Brown","Austin, TX","2023-10-01 16:54:37",starter,active
271,"michelle.davis.271@example.com","Michelle Davis","London, UK","2024-12-17 18:02:52",starter,active
272,"paul.robinson.272@example.com","Paul Robinson","Denver, CO","2024-07-22 10:22:31",enterprise,at_risk
273,"jessica.adams.273@example.com","Jessica Adams","Jacksonville, FL","2025-11-20 00:47:36",professional,active
274,"george.white.274@example.com","George White","Boston, MA","2025-03-15 03:47:52",enterprise,at_risk
275,"shirley.thompson.275@example.com","Shirley Thompson","Berlin, Germany","2024-06-08 08:53:07",professional,at_risk
276,"jessica.robinson.276@example.com","Jessica Robinson","Austin, TX","2023-11-20 18:24:02",professional,active
277,"john.carter.277@example.com","John Carter","Mumbai, India","2023-02-09 15:11:05",starter,active
278,"steven.baker.278@example.com","Steven Baker","San Antonio, TX","2023-03-25 21:15:49",free,active
279,"sarah.jones.279@example.com","Sarah Jones","Phoenix, AZ","2024-03-05 02:10:13",enterprise,active
280,"john.rodriguez.280@example.com","John Rodriguez","Toronto, ON","2024-10-06 12:28:18",free,active
281,"matthew.robinson.281@example.com","Matthew Robinson","Seattle, WA","2025-07-27 11:33:44",free,active
282,"elizabeth.martin.282@example.com","Elizabeth Martin","Detroit, MI","2024-04-21 20:08:28",professional,active
283,"anthony.johnson.283@example.com","Anthony Johnson","Philadelphia, PA","2025-04-07 11:24:30",enterprise,active
284,"helen.torres.284@example.com","Helen Torres","Atlanta, GA","2025-07-19 06:46:20",free,active
285,"richard.johnson.285@example.com","Richard Johnson","Portland, OR","2025-03-11 16:17:15",free,churned
286,"robert.hall.286@example.com","Robert Hall","Dubai, UAE","2025-04-27 22:44:40",free,active
287,"ruth.taylor.287@example.com","Ruth Taylor","Dubai, UAE","2024-12-18 18:15:08",starter,active
288,"helen.johnson.288@example.com","Helen Johnson","Jacksonville, FL","2025-02-25 08:12:51",enterprise,active
289,"donald.robinson.289@example.com","Donald Robinson","Berlin, Germany","2025-08-26 20:30:06",professional,at_risk
290,"kevin.carter.290@example.com","Kevin Carter","Tokyo, Japan","2024-10-31 21:04:45",professional,active
291,"carol.nelson.291@example.com","Carol Nelson","Berlin, Germany","2025-03-21 21:49:06",professional,at_risk
292,"mark.green.292@example.com","Mark Green","Atlanta, GA","2023-08-24 21:54:17",starter,churned
293,"nancy.torres.293@example.com","Nancy Torres","Minneapolis, MN","2023-10-16 00:19:52",professional,at_risk
294,"sandra.jackson.294@example.com","Sandra Jackson","Denver, CO","2023-10-17 23:38:41",enterprise,active
295,"jennifer.wright.295@example.com","Jennifer Wright","Paris, France","2024-08-30 09:45:58",enterprise,active
296,"elizabeth.king.296@example.com","Elizabeth King","Indianapolis, IN","2024-02-27 03:10:18",starter,active
297,"sharon.lopez.297@example.com","Sharon Lopez","Columbus, OH","2024-07-22 12:11:22",starter,active
298,"david.johnson.298@example.com","David Johnson","London, UK","2023-10-05 11:12:22",enterprise,active
299,"edward.torres.299@example.com","Edward Torres","Nashville, TN","2024-09-23 07:44:09",enterprise,at_risk
300,"barbara.moore.300@example.com","Barbara Moore","Atlanta, GA","2025-11-06 09:50:18",professional,churned
301,"sharon.green.301@example.com","Sharon Green","Houston, TX","2023-05-27 19:20:25",starter,active
302,"steven.taylor.302@example.com","Steven Taylor","Houston, TX","2023-05-05 18:10:15",professional,active
303,"donald.king.303@example.com","Donald King","San Jose, CA","2023-02-11 17:11:19",professional,churned
304,"brian.brown.304@example.com","Brian Brown","London, UK","2023-04-13 15:00:42",free,churned
305,"shirley.martinez.305@example.com","Shirley Martinez","Nashville, TN","2023-08-28 09:08:46",starter,churned
306,"thomas.scott.306@example.com","Thomas Scott","London, UK","2023-05-30 01:55:41",professional,active
307,"matthew.rodriguez.307@example.com","Matthew Rodriguez","Dubai, UAE","2024-08-11 05:24:57",free,active
308,"brian.martinez.308@example.com","Brian Martinez","San Diego, CA","2024-12-28 21:22:03",starter,active
309,"ronald.lee.309@example.com","Ronald Lee","Miami, FL","2025-11-24 09:09:05",starter,at_risk
310,"helen.garcia.310@example.com","Helen Garcia","Chicago, IL","2024-06-28 10:36:59",professional,active
311,"donna.wright.311@example.com","Donna Wright","Minneapolis, MN","2024-07-02 10:17:53",starter,active
312,"steven.thomas.312@example.com","Steven Thomas","Philadelphia, PA","2025-08-12 22:08:46",professional,active
313,"shirley.robinson.313@example.com","Shirley Robinson","Mumbai, India","2024-04-03 00:59:23",free,active
314,"jennifer.gonzalez.314@example.com","Jennifer Gonzalez","Nashville, TN","2025-05-18 05:14:55",starter,active
315,"brian.nelson.315@example.com","Brian Nelson","San Antonio, TX","2025-08-17 20:22:26",enterprise,churned
316,"steven.jackson.316@example.com","Steven Jackson","Boston, MA","2025-06-08 00:08:37",enterprise,at_risk
317,"david.adams.317@example.com","David Adams","Los Angeles, CA","2024-01-21 18:17:51",starter,active
318,"karen.green.318@example.com","Karen Green","Vancouver, BC","2024-02-26 19:43:12",professional,active
319,"elizabeth.miller.319@example.com","Elizabeth Miller","Portland, OR","2023-09-21 10:48:12",free,active
320,"charles.allen.320@example.com","Charles Allen","Atlanta, GA","2025-01-05 05:57:41",free,at_risk
321,"shirley.wright.321@example.com","Shirley Wright","Portland, OR","2023-05-20 15:24:18",professional,at_risk
322,"george.gonzalez.322@example.com","George Gonzalez","London, UK","2023-01-09 05:54:34",free,churned
323,"betty.martin.323@example.com","Betty Martin","Los Angeles, CA","2025-05-30 03:16:40",professional,active
324,"patricia.hill.324@example.com","Patricia Hill","Berlin, Germany","2023-06-18 02:41:46",enterprise,churned
325,"nancy.adams.325@example.com","Nancy Adams","Indianapolis, IN","2024-02-13 21:05:05",starter,active
326,"linda.williams.326@example.com","Linda Williams","San Diego, CA","2025-01-28 08:40:30",enterprise,active
327,"matthew.brown.327@example.com","Matthew Brown","Mumbai, India","2023-07-05 20:40:55",free,active
328,"william.robinson.328@example.com","William Robinson","Phoenix, AZ","2025-11-09 08:18:02",free,active
329,"karen.gonzalez.329@example.com","Karen Gonzalez","New York, NY","2024-12-06 05:13:51",enterprise,active
330,"jennifer.rodriguez.330@example.com","Jennifer Rodriguez","Miami, FL","2024-12-30 20:04:12",starter,active
331,"john.moore.331@example.com","John Moore","San Jose, CA","2025-08-01 20:45:36",free,active
332,"donald.adams.332@example.com","Donald Adams","San Antonio, TX","2024-06-26 23:44:14",enterprise,active
333,"maria.moore.333@example.com","Maria Moore","Phoenix, AZ","2025-08-09 11:48:38",professional,active
334,"richard.jackson.334@example.com","Richard Jackson","Singapore","2025-07-21 17:55:51",starter,at_risk
335,"james.allen.335@example.com","James Allen","Minneapolis, MN","2023-04-22 18:19:33",free,at_risk
336,"amy.davis.336@example.com","Amy Davis","Miami, FL","2024-03-19 11:01:48",starter,active
337,"jane.moore.337@example.com","Jane Moore","Chicago, IL","2024-02-26 20:24:43",professional,active
338,"carol.clark.338@example.com","Carol Clark","Paris, France","2023-04-05 18:41:07",starter,active
339,"michelle.carter.339@example.com","Michelle Carter","Columbus, OH","2023-12-09 11:26:09",enterprise,active
340,"amy.davis.340@example.com","Amy Davis","Mumbai, India","2025-07-03 14:57:02",enterprise,at_risk
341,"nancy.gonzalez.341@example.com","Nancy Gonzalez","Seattle, WA","2025-09-01 17:42:10",free,active
342,"kevin.johnson.342@example.com","Kevin Johnson","San Jose, CA","2024-06-23 21:42:59",professional,at_risk
343,"helen.lopez.343@example.com","Helen Lopez","Montreal, QC","2024-06-07 03:13:35",starter,active
344,"betty.hernandez.344@example.com","Betty Hernandez","San Diego, CA","2024-08-07 16:49:22",free,active
345,"patricia.allen.345@example.com","Patricia Allen","San Francisco, CA","2025-07-18 07:43:31",professional,active
346,"andrew.garcia.346@example.com","Andrew Garcia","New York, NY","2025-07-27 13:36:35",professional,active
347,"sandra.smith.347@example.com","Sandra Smith","London, UK","2024-10-09 19:49:42",starter,active
348,"mark.wright.348@example.com","Mark Wright","Los Angeles, CA","2024-12-19 10:25:22",starter,active
349,"karen.martinez.349@example.com","Karen Martinez","San Antonio, TX","2024-10-16 20:55:39",enterprise,active
350,"joshua.adams.350@example.com","Joshua Adams","Berlin, Germany","2024-05-01 22:40:17",enterprise,at_risk
351,"lisa.smith.351@example.com","Lisa Smith","Austin, TX","2025-02-28 22:21:32",starter,churned
352,"ruth.davis.352@example.com","Ruth Davis","San Diego, CA","2024-11-28 23:01:17",enterprise,active
353,"nancy.wilson.353@example.com","Nancy Wilson","Dallas, TX","2025-10-25 16:57:09",free,active
354,"james.thomas.354@example.com","James Thomas","Boston, MA","2023-08-20 22:39:07",professional,active
355,"michelle.smith.355@example.com","Michelle Smith","Philadelphia, PA","2023-02-16 19:24:04",starter,active
356,"richard.flores.356@example.com","Richard Flores","Chicago, IL","2024-08-26 16:18:16",enterprise,active
357,"carol.king.357@example.com","Carol King","Montreal, QC","2024-07-23 00:47:07",professional,churned
358,"james.jackson.358@example.com","James Jackson","San Antonio, TX","2025-03-11 19:52:18",professional,at_risk
359,"jennifer.hernandez.359@example.com","Jennifer Hernandez","Houston, TX","2024-09-11 02:29:04",free,active
360,"joshua.campbell.360@example.com","Joshua Campbell","Berlin, Germany","2025-11-15 01:30:49",enterprise,active
361,"thomas.moore.361@example.com","Thomas Moore","Paris, France","2025-08-30 02:14:31",free,active
362,"andrew.nguyen.362@example.com","Andrew Nguyen","Tokyo, Japan","2023-02-09 01:06:09",starter,active
363,"maria.jones.363@example.com","Maria Jones","Dubai, UAE","2024-07-16 23:26:46",professional,active
364,"george.robinson.364@example.com","George Robinson","Toronto, ON","2025-07-18 04:53:17",enterprise,churned
365,"ruth.flores.365@example.com","Ruth Flores","Sydney, Australia","2025-10-06 08:57:39",enterprise,churned
366,"michelle.wilson.366@example.com","Michelle Wilson","Houston, TX","2024-10-05 20:22:03",enterprise,at_risk
367,"john.white.367@example.com","John White","Sydney, Australia","2023-10-17 13:31:16",enterprise,active
368,"daniel.thompson.368@example.com","Daniel Thompson","Paris, France","2023-11-10 06:14:20",free,at_risk
369,"andrew.lewis.369@example.com","Andrew Lewis","Nashville, TN","2024-04-04 16:14:42",starter,active
370,"james.campbell.370@example.com","James Campbell","Boston, MA","2024-08-27 12:29:13",professional,churned
371,"daniel.anderson.371@example.com","Daniel Anderson","Berlin, Germany","2023-12-12 10:47:59",professional,active
372,"daniel.martin.372@example.com","Daniel Martin","Minneapolis, MN","2023-01-22 15:44:44",starter,churned
373,"linda.torres.373@example.com","Linda Torres","Denver, CO","2023-03-31 13:31:21",free,at_risk
374,"anthony.young.374@example.com","Anthony Young","Paris, France","2025-03-24 02:48:59",free,active
375,"jennifer.williams.375@example.com","Jennifer Williams","Nashville, TN","2025-05-23 02:09:34",enterprise,at_risk
376,"lisa.robinson.376@example.com","Lisa Robinson","Montreal, QC","2024-08-01 03:09:58",enterprise,at_risk
377,"shirley.lopez.377@example.com","Shirley Lopez","Montreal, QC","2023-10-19 00:43:32",free,active
378,"ronald.martin.378@example.com","Ronald Martin","Atlanta, GA","2025-05-08 21:27:25",professional,churned
379,"shirley.white.379@example.com","Shirley White","Indianapolis, IN","2025-07-15 01:07:16",professional,churned
380,"paul.walker.380@example.com","Paul Walker","Mumbai, India","2025-10-02 21:19:57",enterprise,active
381,"thomas.jackson.381@example.com","Thomas Jackson","Portland, OR","2023-02-11 23:02:42",enterprise,churned
382,"joshua.mitchell.382@example.com","Joshua Mitchell","Atlanta, GA","2023-10-15 09:48:53",enterprise,churned
383,"steven.allen.383@example.com","Steven Allen","Portland, OR","2025-10-28 00:32:23",starter,active
384,"sarah.harris.384@example.com","Sarah Harris","Detroit, MI","2025-03-03 06:03:44",professional,active
385,"jennifer.flores.385@example.com","Jennifer Flores","Seattle, WA","2025-06-06 12:18:14",enterprise,active
386,"kevin.rodriguez.386@example.com","Kevin Rodriguez","Minneapolis, MN","2025-07-28 02:52:50",enterprise,active
387,"sharon.miller.387@example.com","Sharon Miller","Minneapolis, MN","2023-03-30 07:05:07",enterprise,at_risk
388,"robert.mitchell.388@example.com","Robert Mitchell","London, UK","2025-08-22 19:34:49",free,active
389,"ruth.nguyen.389@example.com","Ruth Nguyen","Mumbai, India","2024-03-30 04:00:39",free,active
390,"john.king.390@example.com","John King","Jacksonville, FL","2025-01-22 02:49:23",enterprise,at_risk
391,"jane.hernandez.391@example.com","Jane Hernandez","Singapore","2024-12-04 07:26:32",enterprise,active
392,"george.thomas.392@example.com","George Thomas","Jacksonville, FL","2025-07-30 15:01:14",professional,active
393,"james.jones.393@example.com","James Jones","Houston, TX","2024-01-02 10:58:17",free,active
394,"andrew.garcia.394@example.com","Andrew Garcia","Minneapolis, MN","2025-01-26 20:06:23",enterprise,active
395,"donna.taylor.395@example.com","Donna Taylor","San Diego, CA","2024-01-29 06:46:21",enterprise,active
396,"jane.taylor.396@example.com","Jane Taylor","Montreal, QC","2024-10-14 17:14:02",starter,active
397,"anthony.harris.397@example.com","Anthony Harris","Denver, CO","2023-05-09 18:56:44",enterprise,churned
398,"richard.rodriguez.398@example.com","Richard Rodriguez","Denver, CO","2023-08-28 10:36:28",free,active
399,"joshua.thompson.399@example.com","Joshua Thompson","Toronto, ON","2025-01-23 08:48:44",free,at_risk
400,"david.rodriguez.400@example.com","David Rodriguez","New York, NY","2024-08-24 17:24:46",enterprise,active
401,"sarah.smith.401@example.com","Sarah Smith","Boston, MA","2024-07-27 08:41:41",professional,active
402,"carol.roberts.402@example.com","Carol Roberts","Singapore","2025-01-31 23:42:45",enterprise,active
403,"elizabeth.roberts.403@example.com","Elizabeth Roberts","Montreal, QC","2023-06-28 09:05:29",starter,at_risk
404,"james.johnson.404@example.com","James Johnson","Dallas, TX","2024-01-15 13:01:37",professional,active
405,"george.wright.405@example.com","George Wright","Columbus, OH","2025-08-28 14:24:08",professional,active
406,"donna.smith.406@example.com","Donna Smith","Austin, TX","2024-01-22 16:04:39",free,churned
407,"sandra.martinez.407@example.com","Sandra Martinez","Dubai, UAE","2024-11-18 11:45:02",starter,active
408,"lisa.adams.408@example.com","Lisa Adams","Chicago, IL","2023-03-02 15:28:12",free,active
409,"george.rodriguez.409@example.com","George Rodriguez","Paris, France","2024-12-26 21:44:53",free,active
410,"william.nelson.410@example.com","William Nelson","Seattle, WA","2024-12-12 14:41:11",enterprise,active
411,"kevin.wright.411@example.com","Kevin Wright","Columbus, OH","2024-02-14 14:26:57",free,active
412,"joseph.mitchell.412@example.com","Joseph Mitchell","Miami, FL","2023-02-10 04:04:51",professional,active
413,"brian.king.413@example.com","Brian King","Chicago, IL","2025-01-27 22:28:41",starter,active
414,"david.garcia.414@example.com","David Garcia","Dallas, TX","2023-06-06 03:53:07",starter,churned
415,"donna.johnson.415@example.com","Donna Johnson","Jacksonville, FL","2025-04-12 15:55:22",starter,churned
416,"william.carter.416@example.com","William Carter","Mumbai, India","2023-10-22 07:08:30",enterprise,churned
417,"emily.flores.417@example.com","Emily Flores","London, UK","2025-10-24 03:05:53",free,active
418,"donald.brown.418@example.com","Donald Brown","Philadelphia, PA","2024-08-17 05:25:48",professional,active
419,"linda.adams.419@example.com","Linda Adams","Austin, TX","2023-07-09 20:45:56",free,at_risk
420,"richard.harris.420@example.com","Richard Harris","Philadelphia, PA","2025-02-11 08:01:29",professional,active
421,"ruth.hall.421@example.com","Ruth Hall","Columbus, OH","2023-12-04 10:51:40",professional,at_risk
422,"donna.mitchell.422@example.com","Donna Mitchell","Vancouver, BC","2025-02-27 21:58:15",professional,active
423,"john.rodriguez.423@example.com","John Rodriguez","New York, NY","2023-12-01 11:44:12",professional,active
424,"kenneth.smith.424@example.com","Kenneth Smith","Jacksonville, FL","2024-08-14 16:34:55",starter,active
425,"shirley.robinson.425@example.com","Shirley Robinson","Columbus, OH","2025-04-19 09:15:56",free,active
426,"jane.hill.426@example.com","Jane Hill","Singapore","2025-04-09 03:08:57",free,active
427,"sharon.nguyen.427@example.com","Sharon Nguyen","Austin, TX","2025-03-08 06:39:10",free,churned
428,"karen.harris.428@example.com","Karen Harris","Seattle, WA","2025-05-20 12:31:29",enterprise,at_risk
429,"jennifer.allen.429@example.com","Jennifer Allen","Philadelphia, PA","2023-02-22 09:57:28",free,active
430,"anthony.flores.430@example.com","Anthony Flores","Portland, OR","2023-03-25 15:43:46",enterprise,churned
431,"sarah.baker.431@example.com","Sarah Baker","Phoenix, AZ","2024-01-19 02:48:16",professional,active
432,"amy.harris.432@example.com","Amy Harris","Singapore","2023-06-13 19:12:34",starter,active
433,"michelle.robinson.433@example.com","Michelle Robinson","New York, NY","2024-11-02 16:34:02",free,churned
434,"michael.thomas.434@example.com","Michael Thomas","Seattle, WA","2025-07-19 00:55:52",enterprise,active
435,"amy.anderson.435@example.com","Amy Anderson","Portland, OR","2024-11-14 02:44:43",enterprise,active
436,"karen.clark.436@example.com","Karen Clark","Mumbai, India","2024-07-12 15:15:55",free,active
437,"andrew.rivera.437@example.com","Andrew Rivera","Singapore","2023-06-10 00:44:34",starter,active
438,"karen.jones.438@example.com","Karen Jones","Denver, CO","2025-07-16 06:19:05",free,active
439,"robert.clark.439@example.com","Robert Clark","Portland, OR","2024-12-26 23:11:03",starter,active
440,"donna.martin.440@example.com","Donna Martin","San Francisco, CA","2025-06-29 19:39:34",enterprise,at_risk
441,"patricia.campbell.441@example.com","Patricia Campbell","Seattle, WA","2024-09-30 04:26:31",professional,churned
442,"mark.king.442@example.com","Mark King","Nashville, TN","2025-06-12 09:11:32",free,active
443,"carol.rodriguez.443@example.com","Carol Rodriguez","Paris, France","2025-03-31 12:47:15",starter,active
444,"james.baker.444@example.com","James Baker","Los Angeles, CA","2023-12-27 10:23:21",free,churned
445,"david.harris.445@example.com","David Harris","Jacksonville, FL","2024-06-21 22:27:28",starter,active
446,"steven.taylor.446@example.com","Steven Taylor","Jacksonville, FL","2024-04-03 20:39:10",free,at_risk
447,"sarah.young.447@example.com","Sarah Young","New York, NY","2023-04-27 01:51:50",professional,active
448,"nancy.rivera.448@example.com","Nancy Rivera","Portland, OR","2024-11-19 01:57:57",professional,at_risk
449,"patricia.lewis.449@example.com","Patricia Lewis","Singapore","2024-04-27 14:05:18",professional,active
450,"matthew.brown.450@example.com","Matthew Brown","Mumbai, India","2023-10-07 09:07:50",free,at_risk
451,"steven.jones.451@example.com","Steven Jones","Miami, FL","2024-07-01 07:45:50",starter,active
452,"donald.williams.452@example.com","Donald Williams","Columbus, OH","2023-02-08 00:21:40",professional,active
453,"matthew.carter.453@example.com","Matthew Carter","Austin, TX","2024-07-26 18:25:46",professional,active
454,"robert.roberts.454@example.com","Robert Roberts","San Jose, CA","2023-10-31 17:10:42",professional,active
455,"sarah.king.455@example.com","Sarah King","Detroit, MI","2024-05-24 20:29:08",enterprise,active
456,"helen.davis.456@example.com","Helen Davis","Chicago, IL","2023-08-28 14:13:58",professional,at_risk
457,"john.roberts.457@example.com","John Roberts","Indianapolis, IN","2025-01-01 22:56:56",enterprise,at_risk
458,"joshua.campbell.458@example.com","Joshua Campbell","Columbus, OH","2023-11-09 15:17:02",enterprise,at_risk
459,"donald.lewis.459@example.com","Donald Lewis","Austin, TX","2024-11-06 23:10:31",enterprise,churned
460,"patricia.hill.460@example.com","Patricia Hill","San Diego, CA","2025-05-30 02:49:19",free,active
461,"mark.williams.461@example.com","Mark Williams","Columbus, OH","2025-06-02 19:46:50",free,at_risk
462,"maria.baker.462@example.com","Maria Baker","Los Angeles, CA","2025-09-13 07:47:36",professional,at_risk
463,"shirley.hill.463@example.com","Shirley Hill","San Antonio, TX","2024-12-25 12:55:33",starter,active
464,"mark.nguyen.464@example.com","Mark Nguyen","Philadelphia, PA","2023-11-19 18:27:40",free,churned
465,"emily.martin.465@example.com","Emily Martin","San Diego, CA","2023-11-13 15:06:12",enterprise,active
466,"jane.martin.466@example.com","Jane Martin","Seattle, WA","2025-02-18 07:53:30",free,active
467,"maria.clark.467@example.com","Maria Clark","San Antonio, TX","2024-05-06 10:16:04",enterprise,churned
468,"maria.smith.468@example.com","Maria Smith","Dubai, UAE","2024-01-15 04:31:39",starter,active
469,"shirley.campbell.469@example.com","Shirley Campbell","Sydney, Australia","2023-12-25 23:31:08",enterprise,active
470,"daniel.nguyen.470@example.com","Daniel Nguyen","Paris, France","2023-07-24 05:14:12",enterprise,active
471,"patricia.hall.471@example.com","Patricia Hall","Detroit, MI","2023-04-02 14:47:04",free,churned
472,"michael.lee.472@example.com","Michael Lee","London, UK","2024-03-27 19:37:53",free,active
473,"karen.anderson.473@example.com","Karen Anderson","Houston, TX","2025-09-02 18:20:46",enterprise,at_risk
474,"joseph.hill.474@example.com","Joseph Hill","San Antonio, TX","2024-07-11 11:21:34",professional,churned
475,"amy.campbell.475@example.com","Amy Campbell","Denver, CO","2024-03-14 06:33:06",free,active
476,"david.lee.476@example.com","David Lee","Denver, CO","2023-03-26 19:41:59",professional,active
477,"amy.wright.477@example.com","Amy Wright","Indianapolis, IN","2025-01-12 06:34:43",starter,churned
478,"david.miller.478@example.com","David Miller","San Jose, CA","2023-09-13 03:43:18",professional,churned
479,"kevin.adams.479@example.com","Kevin Adams","Detroit, MI","2024-06-10 15:07:43",free,active
480,"susan.flores.480@example.com","Susan Flores","San Antonio, TX","2024-10-14 22:17:02",starter,at_risk
481,"jennifer.roberts.481@example.com","Jennifer Roberts","Austin, TX","2023-10-26 17:15:51",starter,active
482,"william.walker.482@example.com","William Walker","San Francisco, CA","2025-01-02 20:25:40",free,active
483,"ronald.rodriguez.483@example.com","Ronald Rodriguez","Tokyo, Japan","2024-08-22 14:05:50",free,active
484,"laura.thomas.484@example.com","Laura Thomas","Dubai, UAE","2024-07-30 12:40:52",starter,active
485,"patricia.scott.485@example.com","Patricia Scott","New York, NY","2025-03-09 17:14:51",starter,churned
486,"sandra.jones.486@example.com","Sandra Jones","San Jose, CA","2025-04-01 12:57:17",starter,active
487,"karen.harris.487@example.com","Karen Harris","Atlanta, GA","2023-12-07 16:56:28",starter,active
488,"ruth.thomas.488@example.com","Ruth Thomas","Minneapolis, MN","2025-01-16 11:23:16",professional,active
489,"laura.nguyen.489@example.com","Laura Nguyen","Indianapolis, IN","2024-11-11 03:14:41",starter,active
490,"michelle.rivera.490@example.com","Michelle Rivera","Phoenix, AZ","2023-03-25 15:40:44",enterprise,active
491,"andrew.green.491@example.com","Andrew Green","Philadelphia, PA","2023-11-13 17:24:09",starter,active
492,"thomas.hall.492@example.com","Thomas Hall","Tokyo, Japan","2023-12-22 11:35:12",free,active
493,"kevin.taylor.493@example.com","Kevin Taylor","Los Angeles, CA","2024-05-21 14:53:23",professional,active
494,"donald.campbell.494@example.com","Donald Campbell","Jacksonville, FL","2023-11-19 04:08:16",free,active
495,"david.mitchell.495@example.com","David Mitchell","New York, NY","2024-02-21 22:19:59",starter,active
496,"lisa.martin.496@example.com","Lisa Martin","Paris, France","2025-02-24 01:53:17",enterprise,active
497,"steven.gonzalez.497@example.com","Steven Gonzalez","Paris, France","2025-03-12 08:04:16",starter,active
498,"betty.clark.498@example.com","Betty Clark","San Francisco, CA","2025-09-10 12:41:55",free,active
499,"ruth.young.499@example.com","Ruth Young","San Francisco, CA","2024-09-26 09:18:16",free,active
500,"barbara.williams.500@example.com","Barbara Williams","Vancouver, BC","2024-08-18 12:32:40",enterprise,active
501,"sharon.thompson.501@example.com","Sharon Thompson","Boston, MA","2024-01-08 09:41:54",free,churned
502,"thomas.garcia.502@example.com","Thomas Garcia","Nashville, TN","2023-11-01 02:31:38",enterprise,active
503,"paul.moore.503@example.com","Paul Moore","Berlin, Germany","2024-09-29 19:06:44",enterprise,active
504,"laura.thompson.504@example.com","Laura Thompson","Tokyo, Japan","2024-06-22 08:39:20",starter,at_risk
505,"robert.brown.505@example.com","Robert Brown","Dallas, TX","2023-11-14 23:01:29",enterprise,at_risk
506,"michael.gonzalez.506@example.com","Michael Gonzalez","Dubai, UAE","2025-05-27 23:30:41",free,active
507,"george.king.507@example.com","George King","Tokyo, Japan","2024-05-26 15:25:31",professional,at_risk
508,"emily.green.508@example.com","Emily Green","Montreal, QC","2023-01-12 10:11:33",professional,churned
509,"jennifer.white.509@example.com","Jennifer White","Boston, MA","2024-08-09 23:25:30",starter,active
510,"kenneth.lewis.510@example.com","Kenneth Lewis","London, UK","2024-10-20 08:04:51",starter,active
511,"lisa.hall.511@example.com","Lisa Hall","San Francisco, CA","2023-02-01 07:37:38",professional,active
512,"david.hill.512@example.com","David Hill","Sydney, Australia","2025-06-02 12:00:19",free,active
513,"anthony.allen.513@example.com","Anthony Allen","Jacksonville, FL","2023-01-14 21:52:36",enterprise,active
514,"jane.walker.514@example.com","Jane Walker","Mumbai, India","2023-10-24 03:24:18",professional,active
515,"emily.young.515@example.com","Emily Young","Atlanta, GA","2025-06-20 13:40:48",enterprise,active
516,"charles.campbell.516@example.com","Charles Campbell","Austin, TX","2025-01-02 12:14:00",professional,active
517,"charles.nelson.517@example.com","Charles Nelson","Phoenix, AZ","2024-07-20 18:02:09",professional,active
518,"edward.torres.518@example.com","Edward Torres","Dubai, UAE","2023-07-06 10:24:38",free,active
519,"anthony.johnson.519@example.com","Anthony Johnson","Dubai, UAE","2023-11-26 04:22:57",starter,churned
520,"george.jackson.520@example.com","George Jackson","Phoenix, AZ","2025-02-17 10:20:59",free,active
521,"patricia.baker.521@example.com","Patricia Baker","San Jose, CA","2024-12-10 05:38:07",free,at_risk
522,"laura.hill.522@example.com","Laura Hill","Chicago, IL","2023-10-04 17:28:54",free,active
523,"michelle.mitchell.523@example.com","Michelle Mitchell","Los Angeles, CA","2025-08-07 10:24:50",enterprise,active
524,"donna.walker.524@example.com","Donna Walker","San Antonio, TX","2023-10-19 01:30:33",starter,churned
525,"joseph.garcia.525@example.com","Joseph Garcia","Toronto, ON","2024-03-09 17:04:33",starter,active
526,"david.thomas.526@example.com","David Thomas","Singapore","2023-11-29 10:15:40",free,active
527,"steven.carter.527@example.com","Steven Carter","Dubai, UAE","2025-07-22 17:37:44",free,active
528,"joseph.rodriguez.528@example.com","Joseph Rodriguez","Singapore","2023-11-27 04:08:33",professional,active
529,"susan.miller.529@example.com","Susan Miller","Mumbai, India","2024-06-08 19:34:14",enterprise,active
530,"sarah.johnson.530@example.com","Sarah Johnson","London, UK","2024-06-26 22:25:25",starter,churned
531,"ruth.roberts.531@example.com","Ruth Roberts","Chicago, IL","2024-06-01 05:07:55",starter,active
532,"helen.mitchell.532@example.com","Helen Mitchell","Denver, CO","2023-08-13 06:55:24",enterprise,active
533,"michelle.jackson.533@example.com","Michelle Jackson","Columbus, OH","2024-03-12 07:22:02",starter,active
534,"mark.king.534@example.com","Mark King","Vancouver, BC","2025-09-06 19:10:32",professional,churned
535,"amy.martinez.535@example.com","Amy Martinez","Seattle, WA","2023-01-14 01:01:26",enterprise,active
536,"michael.martinez.536@example.com","Michael Martinez","San Jose, CA","2025-02-05 20:52:44",enterprise,active
537,"laura.johnson.537@example.com","Laura Johnson","Montreal, QC","2025-10-01 07:22:09",free,active
538,"steven.moore.538@example.com","Steven Moore","Boston, MA","2024-01-17 16:13:25",professional,active
539,"michael.rivera.539@example.com","Michael Rivera","Sydney, Australia","2023-04-21 11:39:50",enterprise,active
540,"susan.clark.540@example.com","Susan Clark","Houston, TX","2023-08-10 17:35:03",free,churned
541,"patricia.walker.541@example.com","Patricia Walker","Columbus, OH","2024-07-09 17:25:23",professional,active
542,"jennifer.white.542@example.com","Jennifer White","Vancouver, BC","2024-04-01 04:05:49",starter,active
543,"david.thomas.543@example.com","David Thomas","Denver, CO","2024-09-04 09:33:06",free,active
544,"amy.brown.544@example.com","Amy Brown","Denver, CO","2024-01-16 19:07:31",enterprise,active
545,"jennifer.young.545@example.com","Jennifer Young","Seattle, WA","2024-06-18 05:00:49",starter,active
546,"betty.rivera.546@example.com","Betty Rivera","Toronto, ON","2025-01-28 09:25:54",starter,at_risk
547,"steven.williams.547@example.com","Steven Williams","Columbus, OH","2025-08-24 22:45:24",professional,active
548,"donna.nguyen.548@example.com","Donna Nguyen","Philadelphia, PA","2025-05-22 06:02:13",professional,active
549,"elizabeth.lewis.549@example.com","Elizabeth Lewis","London, UK","2024-05-24 02:31:43",free,active
550,"william.thomas.550@example.com","William Thomas","Vancouver, BC","2024-08-31 04:31:41",free,churned
551,"william.harris.551@example.com","William Harris","Dallas, TX","2023-04-15 03:20:59",starter,active
552,"emily.flores.552@example.com","Emily Flores","Singapore","2025-06-02 23:03:58",starter,active
553,"carol.nelson.553@example.com","Carol Nelson","Mumbai, India","2023-10-05 12:57:39",free,active
554,"daniel.miller.554@example.com","Daniel Miller","Jacksonville, FL","2023-11-30 14:41:14",free,churned
555,"andrew.moore.555@example.com","Andrew Moore","Philadelphia, PA","2023-01-03 19:27:31",free,churned
556,"andrew.king.556@example.com","Andrew King","Columbus, OH","2024-09-12 03:38:11",free,active
557,"carol.nguyen.557@example.com","Carol Nguyen","Miami, FL","2025-04-17 16:39:49",starter,active
558,"kenneth.moore.558@example.com","Kenneth Moore","Vancouver, BC","2023-08-27 09:22:05",enterprise,active
559,"elizabeth.miller.559@example.com","Elizabeth Miller","Indianapolis, IN","2023-03-01 20:33:43",starter,active
560,"carol.gonzalez.560@example.com","Carol Gonzalez","Miami, FL","2025-01-29 15:21:39",starter,active
561,"daniel.torres.561@example.com","Daniel Torres","Los Angeles, CA","2025-09-16 14:59:39",professional,active
562,"betty.rodriguez.562@example.com","Betty Rodriguez","Paris, France","2023-10-14 09:26:26",free,active
563,"daniel.williams.563@example.com","Daniel Williams","San Antonio, TX","2024-10-29 10:47:13",free,active
564,"sharon.mitchell.564@example.com","Sharon Mitchell","Indianapolis, IN","2023-10-08 06:04:02",free,active
565,"kenneth.smith.565@example.com","Kenneth Smith","Sydney, Australia","2024-12-22 01:00:09",enterprise,active
566,"edward.wright.566@example.com","Edward Wright","San Diego, CA","2025-07-07 14:44:53",professional,active
567,"richard.campbell.567@example.com","Richard Campbell","New York, NY","2025-01-01 16:46:22",professional,active
568,"ruth.allen.568@example.com","Ruth Allen","Mumbai, India","2025-02-23 01:16:59",enterprise,active
569,"sharon.wilson.569@example.com","Sharon Wilson","San Jose, CA","2023-07-04 08:41:43",professional,active
570,"john.jackson.570@example.com","John Jackson","Montreal, QC","2024-04-23 09:44:06",starter,active
571,"john.davis.571@example.com","John Davis","Denver, CO","2025-01-17 03:20:58",enterprise,churned
572,"jessica.martinez.572@example.com","Jessica Martinez","Berlin, Germany","2024-01-13 02:55:00",professional,active
573,"helen.robinson.573@example.com","Helen Robinson","Nashville, TN","2023-03-01 21:16:16",enterprise,active
574,"kenneth.lewis.574@example.com","Kenneth Lewis","San Francisco, CA","2024-08-12 21:15:09",free,active
575,"ruth.smith.575@example.com","Ruth Smith","Dubai, UAE","2023-09-05 07:07:13",enterprise,active
576,"amy.wilson.576@example.com","Amy Wilson","San Jose, CA","2024-07-29 19:28:22",starter,at_risk
577,"donna.lopez.577@example.com","Donna Lopez","Sydney, Australia","2023-08-18 17:06:09",professional,churned
578,"jane.adams.578@example.com","Jane Adams","Minneapolis, MN","2024-05-01 05:26:55",free,churned
579,"sarah.hernandez.579@example.com","Sarah Hernandez","San Antonio, TX","2023-12-19 06:09:22",free,at_risk
580,"amy.roberts.580@example.com","Amy Roberts","San Jose, CA","2025-09-22 17:14:47",free,churned
581,"jessica.torres.581@example.com","Jessica Torres","Tokyo, Japan","2024-08-13 04:32:44",professional,active
582,"george.roberts.582@example.com","George Roberts","Columbus, OH","2023-10-27 02:08:56",enterprise,active
583,"steven.scott.583@example.com","Steven Scott","New York, NY","2023-04-16 14:42:59",enterprise,active
584,"sandra.jackson.584@example.com","Sandra Jackson","Paris, France","2025-08-02 00:19:46",starter,active
585,"emily.clark.585@example.com","Emily Clark","Toronto, ON","2025-06-14 19:29:24",free,active
586,"george.campbell.586@example.com","George Campbell","Columbus, OH","2023-01-18 23:49:37",free,active
587,"anthony.lee.587@example.com","Anthony Lee","Detroit, MI","2025-08-19 18:22:28",professional,active
588,"matthew.white.588@example.com","Matthew White","Tokyo, Japan","2024-04-10 16:21:12",enterprise,active
589,"helen.nelson.589@example.com","Helen Nelson","Mumbai, India","2024-04-19 09:21:59",enterprise,active
590,"matthew.gonzalez.590@example.com","Matthew Gonzalez","Berlin, Germany","2024-04-04 14:55:16",enterprise,churned
591,"patricia.wilson.591@example.com","Patricia Wilson","Paris, France","2025-06-07 01:26:42",enterprise,active
592,"susan.scott.592@example.com","Susan Scott","Indianapolis, IN","2024-11-17 05:55:03",free,active
593,"david.wilson.593@example.com","David Wilson","Houston, TX","2023-10-18 17:12:46",free,active
594,"sandra.garcia.594@example.com","Sandra Garcia","Dallas, TX","2023-11-10 19:26:23",free,active
595,"richard.smith.595@example.com","Richard Smith","Atlanta, GA","2024-01-10 00:21:14",enterprise,active
596,"jane.hill.596@example.com","Jane Hill","Houston, TX","2023-06-15 03:04:55",enterprise,active
597,"kevin.robinson.597@example.com","Kevin Robinson","Berlin, Germany","2023-06-04 12:46:42",starter,at_risk
598,"steven.campbell.598@example.com","Steven Campbell","Berlin, Germany","2024-10-21 09:51:21",enterprise,active
599,"carol.green.599@example.com","Carol Green","Chicago, IL","2024-07-22 15:13:44",free,active
600,"donald.lee.600@example.com","Donald Lee","San Antonio, TX","2023-04-02 15:20:10",enterprise,active